<?xml version="1.0" encoding="UTF-8"?>
<project-private xmlns="http://www.netbeans.org/ns/project-private/1">
    <editor-bookmarks xmlns="http://www.netbeans.org/ns/editor-bookmarks/2" lastBookmarkId="0"/>
    <open-files xmlns="http://www.netbeans.org/ns/projectui-open-files/2">
        <group>
            <file>file:/C:/Users/kella/GitHub/CSS-452/AndyTran_MP5/public_html/src/Engine/Renderables/TextureRenderable_PixelCollision.js</file>
            <file>file:/C:/Users/kella/GitHub/CSS-452/AndyTran_MP5/public_html/src/Engine/Utils/InterpolateVec2.js</file>
            <file>file:/C:/Users/kella/GitHub/CSS-452/AndyTran_MP5/public_html/src/Engine/GameObjects/GameObjectSet.js</file>
            <file>file:/C:/Users/kella/GitHub/CSS-452/AndyTran_MP5/public_html/src/MyGame/Enemy/PatrolHead.js</file>
            <file>file:/C:/Users/kella/GitHub/CSS-452/AndyTran_MP5/public_html/src/Engine/Utils/Transform.js</file>
            <file>file:/C:/Users/kella/GitHub/CSS-452/AndyTran_MP5/public_html/src/MyGame/Enemy/PatrolWing.js</file>
            <file>file:/C:/Users/kella/GitHub/CSS-452/AndyTran_MP5/public_html/src/MyGame/Hero.js</file>
            <file>file:/C:/Users/kella/GitHub/CSS-452/AndyTran_MP5/public_html/src/Engine/Core/Engine_Core.js</file>
            <file>file:/C:/Users/kella/GitHub/CSS-452/AndyTran_MP5/public_html/src/lib/gl-matrix.js</file>
            <file>file:/C:/Users/kella/GitHub/CSS-452/AndyTran_MP5/public_html/src/Engine/Renderables/SpriteRenderable_PixelCollision.js</file>
            <file>file:/C:/Users/kella/GitHub/CSS-452/AndyTran_MP5/public_html/src/Engine/Renderables/SpriteRenderable.js</file>
            <file>file:/C:/Users/kella/GitHub/CSS-452/AndyTran_MP5/public_html/src/Engine/Renderables/Renderable.js</file>
            <file>file:/C:/Users/kella/GitHub/CSS-452/AndyTran_MP5/public_html/src/Engine/GameObjects/GameObject.js</file>
            <file>file:/C:/Users/kella/GitHub/CSS-452/AndyTran_MP5/public_html/src/Engine/Scene.js</file>
            <file>file:/C:/Users/kella/GitHub/CSS-452/AndyTran_MP5/public_html/src/Engine/Core/Resources/Engine_Textures.js</file>
            <file>file:/C:/Users/kella/GitHub/CSS-452/AndyTran_MP5/public_html/index.html</file>
            <file>file:/C:/Users/kella/GitHub/CSS-452/AndyTran_MP5/public_html/src/MyGame/MyGame.js</file>
            <file>file:/C:/Users/kella/GitHub/CSS-452/AndyTran_MP5/public_html/src/Engine/Renderables/SpriteAnimateRenderable.js</file>
            <file>file:/C:/Users/kella/GitHub/CSS-452/AndyTran_MP5/public_html/src/MyGame/DyePack.js</file>
            <file>file:/C:/Users/kella/GitHub/CSS-452/AndyTran_MP5/public_html/src/Engine/Renderables/TextureRenderable.js</file>
            <file>file:/C:/Users/kella/GitHub/CSS-452/AndyTran_MP5/public_html/src/Engine/GameObjects/GameObject_PixelCollision.js</file>
            <file>file:/C:/Users/kella/GitHub/CSS-452/AndyTran_MP5/public_html/src/Engine/Core/Engine_Input.js</file>
            <file>file:/C:/Users/kella/GitHub/CSS-452/AndyTran_MP5/public_html/src/Engine/Utils/ShakePosition.js</file>
            <file>file:/C:/Users/kella/GitHub/CSS-452/AndyTran_MP5/public_html/src/Engine/Utils/Interpolate.js</file>
            <file>file:/C:/Users/kella/GitHub/CSS-452/AndyTran_MP5/public_html/src/MyGame/Enemy/Patrol.js</file>
            <file>file:/C:/Users/kella/GitHub/CSS-452/AndyTran_MP5/public_html/src/Engine/Utils/BoundingBox.js</file>
            <file>file:/C:/Users/kella/GitHub/CSS-452/AndyTran_MP5/public_html/src/Engine/Cameras/Camera.js</file>
        </group>
    </open-files>
</project-private>
