<?xml version="1.0" encoding="UTF-8"?>
<project-private xmlns="http://www.netbeans.org/ns/project-private/1">
    <editor-bookmarks xmlns="http://www.netbeans.org/ns/editor-bookmarks/2" lastBookmarkId="0"/>
    <open-files xmlns="http://www.netbeans.org/ns/projectui-open-files/2">
        <group>
            <file>file:/C:/Users/Adney/Documents/GitHub/CSS452/MP2/AndyTran_MP2/public_html/src/Engine/Core/Engine_GameLoop.js</file>
            <file>file:/C:/Users/Adney/Documents/GitHub/CSS452/MP2/AndyTran_MP2/public_html/src/MyGame/SquareGroup.js</file>
            <file>file:/C:/Users/Adney/Documents/GitHub/CSS452/MP2/AndyTran_MP2/public_html/index.html</file>
            <file>file:/C:/Users/Adney/Documents/GitHub/CSS452/MP2/AndyTran_MP2/public_html/src/Engine/Core/Engine_Input.js</file>
            <file>file:/C:/Users/Adney/Documents/GitHub/CSS452/MP2/AndyTran_MP2/public_html/src/Engine/Shaders/RainbowShader.js</file>
            <file>file:/C:/Users/Adney/Documents/GitHub/CSS452/MP2/AndyTran_MP2/public_html/src/Engine/Shaders/SimpleShader.js</file>
            <file>file:/C:/Users/Adney/Documents/GitHub/CSS452/MP2/AndyTran_MP2/public_html/src/Engine/Core/Engine_VertexBuffer.js</file>
            <file>file:/C:/Users/Adney/Documents/GitHub/CSS452/MP2/AndyTran_MP2/public_html/src/Engine/Core/Engine_Core.js</file>
            <file>file:/C:/Users/Adney/Documents/GitHub/CSS452/MP2/AndyTran_MP2/public_html/src/MyGame/MyGame.js</file>
        </group>
    </open-files>
</project-private>
