<?xml version="1.0" encoding="UTF-8"?>
<project-private xmlns="http://www.netbeans.org/ns/project-private/1">
    <editor-bookmarks xmlns="http://www.netbeans.org/ns/editor-bookmarks/2" lastBookmarkId="1">
        <file>
            <url>public_html/src/MyGame/MyGame.js</url>
            <bookmark id="1">
                <name/>
                <line>13</line>
                <key/>
            </bookmark>
        </file>
    </editor-bookmarks>
    <open-files xmlns="http://www.netbeans.org/ns/projectui-open-files/2">
        <group>
            <file>file:/C:/Users/Adney/Documents/GitHub/CSS452/MP2/AndyTran_MP2/public_html/src/Engine/Core/Engine_VertexBuffer.js</file>
            <file>file:/C:/Users/Adney/Documents/GitHub/CSS452/MP2/AndyTran_MP2/public_html/src/Engine/Renderable.js</file>
            <file>file:/C:/Users/Adney/Documents/GitHub/CSS452/MP2/AndyTran_MP2/public_html/src/MyGame/SquareGroup.js</file>
            <file>file:/C:/Users/Adney/Documents/GitHub/CSS452/MP2/AndyTran_MP2/public_html/src/Engine/Transform.js</file>
            <file>file:/C:/Users/Adney/Documents/GitHub/CSS452/MP2/AndyTran_MP2/public_html/src/MyGame/MyGame.js</file>
            <file>file:/C:/Users/Adney/Documents/GitHub/CSS452/MP2/AndyTran_MP2/public_html/src/Engine/Core/Engine_GameLoop.js</file>
            <file>file:/C:/Users/Adney/Documents/GitHub/CSS452/MP2/AndyTran_MP2/public_html/src/Engine/Shaders/RainbowShader.js</file>
        </group>
    </open-files>
</project-private>
